column_name,null_rate
age,0.0
number_of_sexual_partners,0.030303030303030304
first_sexual_intercourse,0.008158508158508158
num_of_pregnancies,0.06526806526806526
smokes,0.015151515151515152
stds,0.12237762237762238
biopsy,0.0
