total_rows,hinselmann_rate,schiller_rate,cytology_rate,biopsy_rate
858,0.04079254079254079,0.08624708624708624,0.05128205128205128,0.0641025641025641
