age_group,patient_count,biopsy_rate,std_history_rate,smoker_rate
25_34,9,0.1111111111111111,0.2222222222222222,0.3333333333333333
35_44,8,0.375,0.125,0.25
45_plus,8,0.375,0.375,0.25
under_25,5,0.6,0.4,0.0
