age_group,patient_count,biopsy_rate,std_history_rate,smoker_rate
25_34,312,0.060897435897435896,0.09935897435897435,0.14743589743589744
35_44,130,0.07692307692307693,0.12307692307692308,0.16153846153846155
45_plus,23,0.17391304347826086,0.043478260869565216,0.21739130434782608
under_25,393,0.05597964376590331,0.07888040712468193,0.1297709923664122
