total_rows,hinselmann_rate,schiller_rate,cytology_rate,biopsy_rate
30,0.16666666666666666,0.23333333333333334,0.13333333333333333,0.3333333333333333
