{
  "rows": 30,
  "age_mean": 36.733333,
  "biopsy_rate": 0.333333
}